App,Category,Rating,Reviews,Size,Installs,Type,Price,Content Rating,Genres,Last Updated,Current Ver,Android Ver
Easy Notes 8,PHOTOGRAPHY,4.0,489076,92M,1000000+,Free,0.0,Everyone 10+,Arcade,"February 03, 2021",6.4.3,4.0 and up
Ultimate Browser 3,FAMILY,3.9,658013,28M,10000000+,Paid,0.0,Adults only 18+,Sports,"November 06, 2021",7.4.4,7.0 and up
Easy Scanner 8,COMMUNICATION,3.1,302939,4M,100000+,Paid,0.0,Everyone 10+,Educational,"March 26, 2021",1.1.4,8.0 and up
Cool Editor 8,PRODUCTIVITY,4.3,805123,22M,10000+,Free,0.0,Teen,Casual,"May 22, 2021",3.1.3,5.0 and up
Smart Tracker 6,PERSONALIZATION,2.7,967540,76M,1000000+,Free,0.0,Everyone 10+,Word,"August 07, 2021",4.3.3,9.0 and up
Cool Messenger 8,ENTERTAINMENT,4.6,366018,45M,100000000+,Free,4.99,Adults only 18+,Sports,"November 08, 2021",3.6.8,4.0 and up
Pro Camera 2,BUSINESS,1.3,933406,67M,10000+,Paid,0.0,Adults only 18+,Arcade,"March 20, 2021",5.3.1,4.0 and up
Perfect Calculator 6,TOOLS,4.8,833741,86M,10000+,Paid,0.99,Everyone 10+,Word,"June 27, 2021",2.4.6,7.0 and up
Ultimate Monitor 9,SPORTS,3.6,17083,66M,10000+,Free,0.0,Everyone 10+,Puzzle,"July 09, 2021",9.6.4,8.0 and up
Super Cleaner 3,FAMILY,2.5,888746,88M,100000+,Free,0.99,Everyone 10+,Simulation,"January 08, 2021",6.2.4,8.0 and up
Pro Notes 9,ENTERTAINMENT,1.8,554980,34M,1000+,Paid,0.0,Mature 17+,Strategy,"August 22, 2021",8.0.0,7.0 and up
Fantastic Player 3,FINANCE,2.9,753168,91M,1000000+,Paid,0.0,Adults only 18+,Sports,"April 03, 2021",7.4.4,4.0 and up
Easy Planner 7,BUSINESS,1.8,752264,55M,1000+,Paid,0.0,Adults only 18+,Card,"November 03, 2021",1.8.0,5.0 and up
Amazing Editor 9,TOOLS,1.7,910744,1M,1000+,Paid,2.99,Mature 17+,Puzzle,"June 13, 2021",5.9.8,4.0 and up
Pro Wallet 2,NEWS_AND_MAGAZINES,3.5,407515,72M,1000+,Free,0.0,Everyone 10+,Casual,"August 07, 2021",4.7.5,8.0 and up
Simple Planner 5,EDUCATION,3.1,115369,87M,10000+,Free,0.0,Teen,Trivia,"November 01, 2021",3.3.1,9.0 and up
Amazing Notes 7,FINANCE,3.7,925441,38M,10000000+,Free,9.99,Everyone 10+,Casual,"November 16, 2021",1.7.0,4.0 and up
Pro Manager 3,TOOLS,4.7,965844,6M,10000+,Free,49.99,Everyone 10+,Casino,"June 07, 2021",1.3.9,5.0 and up
Premium Assistant 4,NEWS_AND_MAGAZINES,3.1,66717,86M,10000+,Free,0.0,Mature 17+,Adventure,"December 23, 2021",6.8.0,6.0 and up
Amazing Manager 4,SOCIAL,3.3,251361,25M,100000000+,Paid,19.99,Adults only 18+,Puzzle,"September 27, 2021",7.9.4,4.0 and up
Amazing Camera 6,TOOLS,1.4,470680,82M,100000000+,Free,0.0,Everyone 10+,Casino,"November 10, 2021",8.6.3,7.0 and up
Simple Editor 6,SOCIAL,3.9,238521,17M,1000+,Paid,0.0,Adults only 18+,Educational,"May 01, 2021",4.5.5,6.0 and up
Ultimate Analyzer 2,DATING,2.6,235728,61M,10000+,Free,0.0,Everyone,Action,"February 04, 2021",9.4.7,7.0 and up
Simple Editor 8,EDUCATION,4.9,589726,12M,1000+,Paid,49.99,Adults only 18+,Card,"May 09, 2021",5.1.5,7.0 and up
Premium Manager 5,BUSINESS,4.3,50611,6M,100000000+,Free,19.99,Teen,Simulation,"November 17, 2021",9.2.0,7.0 and up
Perfect Recorder 2,SOCIAL,3.1,994979,90M,10000000+,Free,0.0,Teen,Action,"March 16, 2021",1.2.9,4.0 and up
HD Recorder 9,HEALTH_AND_FITNESS,1.5,395765,27M,1000000+,Free,0.0,Everyone 10+,Racing,"May 16, 2021",5.2.8,8.0 and up
Ultimate Converter 1,PHOTOGRAPHY,4.4,495489,8M,1000+,Free,0.0,Adults only 18+,Role Playing,"March 20, 2021",8.2.8,6.0 and up
Quick Browser 9,BUSINESS,4.2,635785,83M,10000000+,Paid,2.99,Everyone 10+,Word,"March 20, 2021",6.6.3,5.0 and up
Smart Calculator 8,FAMILY,1.7,678039,65M,1000000+,Paid,19.99,Mature 17+,Strategy,"January 24, 2021",4.1.4,8.0 and up
Smart Scanner 3,BUSINESS,2.2,464194,57M,100000+,Free,0.0,Teen,Educational,"April 23, 2021",8.6.6,4.0 and up
Super Manager 3,SOCIAL,4.2,413870,93M,1000+,Free,0.99,Everyone 10+,Educational,"February 18, 2021",6.2.4,7.0 and up
Fantastic Calculator 5,SOCIAL,1.7,411971,99M,1000+,Free,4.99,Mature 17+,Action,"June 14, 2021",1.6.8,5.0 and up
Simple Browser 9,GAME,4.7,251934,40M,100000+,Free,0.0,Everyone 10+,Puzzle,"February 15, 2021",1.1.2,6.0 and up
Pro Browser 9,FINANCE,2.7,783451,14M,100000+,Paid,0.0,Adults only 18+,Adventure,"June 27, 2021",3.7.6,8.0 and up
Smart Monitor 2,HEALTH_AND_FITNESS,1.3,814670,35M,1000+,Paid,0.0,Adults only 18+,Simulation,"February 04, 2021",6.9.9,9.0 and up
Super Translator 7,NEWS_AND_MAGAZINES,4.3,523404,48M,100000+,Free,0.0,Adults only 18+,Puzzle,"July 08, 2021",4.8.0,8.0 and up
Easy Player 3,BUSINESS,2.5,249440,84M,10000+,Paid,0.0,Adults only 18+,Action,"March 15, 2021",2.3.2,5.0 and up
Pro Manager 6,GAME,3.1,427747,56M,1000000+,Free,0.0,Everyone,Simulation,"September 02, 2021",1.4.6,4.0 and up
Best Tracker 1,NEWS_AND_MAGAZINES,1.4,122798,49M,1000000+,Paid,19.99,Mature 17+,Racing,"August 08, 2021",2.4.5,6.0 and up
Fantastic Player 3,PERSONALIZATION,1.0,621537,13M,1000000+,Free,0.0,Mature 17+,Strategy,"April 17, 2021",7.0.6,5.0 and up
Super Player 7,SOCIAL,3.6,551226,61M,10000+,Paid,0.0,Adults only 18+,Word,"January 02, 2021",4.7.3,7.0 and up
HD Wallet 7,SPORTS,3.1,280476,49M,100000+,Paid,0.0,Everyone,Strategy,"December 14, 2021",6.8.4,6.0 and up
Best Planner 3,SOCIAL,3.4,450940,46M,10000000+,Free,0.0,Adults only 18+,Puzzle,"September 02, 2021",4.7.8,8.0 and up
HD Browser 1,PRODUCTIVITY,4.2,350050,62M,100000+,Paid,0.0,Everyone,Board,"February 22, 2021",4.2.7,5.0 and up
Awesome Editor 5,MEDICAL,3.6,62302,8M,1000+,Free,0.0,Adults only 18+,Puzzle,"July 23, 2021",5.1.9,8.0 and up
Easy Browser 4,FINANCE,1.7,553353,43M,100000000+,Free,0.0,Teen,Casual,"September 06, 2021",9.2.1,8.0 and up
Ultimate Browser 3,LIFESTYLE,2.4,305045,20M,1000000+,Free,0.0,Teen,Role Playing,"August 27, 2021",1.7.2,8.0 and up
Magic Messenger 9,TOOLS,4.6,606210,97M,100000+,Paid,0.0,Everyone 10+,Casino,"June 02, 2021",7.0.0,4.0 and up
Cool Camera 4,SPORTS,4.1,661958,90M,10000000+,Paid,0.0,Adults only 18+,Trivia,"January 05, 2021",9.7.2,8.0 and up
Premium Scanner 7,SOCIAL,3.2,352690,39M,1000+,Paid,49.99,Mature 17+,Card,"September 24, 2021",6.2.3,7.0 and up
Pro Browser 1,HEALTH_AND_FITNESS,2.0,268458,85M,10000+,Paid,0.0,Everyone 10+,Role Playing,"April 21, 2021",1.4.0,7.0 and up
Super Notes 9,PRODUCTIVITY,2.2,531643,49M,10000+,Free,0.0,Teen,Puzzle,"May 22, 2021",1.9.6,6.0 and up
Fantastic Browser 6,PRODUCTIVITY,3.9,160382,64M,10000000+,Paid,29.99,Adults only 18+,Adventure,"March 05, 2021",6.1.1,9.0 and up
Smart Planner 5,SPORTS,4.4,941773,62M,1000+,Free,0.0,Everyone 10+,Strategy,"February 26, 2021",7.0.1,8.0 and up
Super Compass 8,LIFESTYLE,3.7,91016,54M,1000000+,Free,0.0,Adults only 18+,Sports,"January 11, 2021",8.5.1,8.0 and up
HD Planner 4,EDUCATION,4.2,932866,9M,100000+,Free,2.99,Teen,Role Playing,"January 16, 2021",7.3.1,5.0 and up
Super Assistant 4,MEDICAL,4.1,129360,88M,1000+,Paid,0.0,Everyone 10+,Strategy,"October 23, 2021",6.8.8,4.0 and up
Pro Browser 2,FAMILY,1.6,688735,37M,10000+,Paid,0.0,Teen,Simulation,"February 04, 2021",8.2.2,9.0 and up
Fantastic Assistant 5,TRAVEL_AND_LOCAL,2.7,805888,49M,10000000+,Free,9.99,Everyone,Adventure,"May 07, 2021",2.4.3,6.0 and up
Super Assistant 1,SOCIAL,1.6,788778,41M,10000000+,Free,2.99,Teen,Role Playing,"February 06, 2021",7.3.8,9.0 and up
Amazing Messenger 6,COMMUNICATION,1.9,848474,17M,100000+,Paid,1.99,Adults only 18+,Simulation,"January 07, 2021",2.5.6,8.0 and up
Easy Player 1,LIFESTYLE,4.5,206497,88M,10000000+,Free,0.0,Mature 17+,Trivia,"September 05, 2021",4.5.6,5.0 and up
Super Compass 2,FAMILY,2.9,97862,21M,10000000+,Paid,0.0,Teen,Puzzle,"May 20, 2021",4.7.8,4.0 and up
Cool Monitor 6,SOCIAL,3.1,492102,51M,1000+,Paid,0.0,Mature 17+,Simulation,"March 09, 2021",1.6.8,6.0 and up
Perfect Editor 7,TRAVEL_AND_LOCAL,1.7,138603,59M,1000000+,Free,0.0,Everyone,Arcade,"May 08, 2021",5.1.9,9.0 and up
Best Assistant 6,DATING,2.2,727077,39M,100000+,Free,0.0,Everyone 10+,Educational,"September 05, 2021",6.6.1,6.0 and up
Smart Player 4,PERSONALIZATION,1.9,678851,55M,1000+,Paid,0.0,Everyone 10+,Role Playing,"October 25, 2021",2.9.9,8.0 and up
Amazing Camera 6,DATING,1.8,280628,41M,1000000+,Paid,2.99,Mature 17+,Word,"February 09, 2021",1.3.6,6.0 and up
Best Translator 1,BUSINESS,3.6,177842,39M,1000+,Free,0.0,Everyone 10+,Trivia,"November 04, 2021",9.2.6,5.0 and up
Quick Camera 3,FAMILY,2.0,842160,13M,100000000+,Paid,0.0,Teen,Puzzle,"June 22, 2021",7.6.1,6.0 and up
Awesome Editor 3,SOCIAL,3.5,306783,64M,1000+,Free,0.0,Mature 17+,Educational,"June 02, 2021",6.1.5,7.0 and up
Simple Tracker 3,PHOTOGRAPHY,1.2,45242,11M,10000000+,Free,0.0,Adults only 18+,Word,"July 06, 2021",3.1.5,5.0 and up
Awesome Browser 4,NEWS_AND_MAGAZINES,1.6,348698,19M,1000000+,Paid,0.0,Teen,Board,"November 14, 2021",2.4.1,9.0 and up
Quick Calculator 8,FINANCE,2.1,460395,11M,100000+,Paid,0.0,Teen,Simulation,"January 18, 2021",3.2.5,4.0 and up
Perfect Browser 2,HEALTH_AND_FITNESS,3.4,783311,77M,100000+,Free,0.0,Teen,Action,"July 01, 2021",6.9.2,4.0 and up
Smart Calculator 9,LIFESTYLE,3.7,312823,46M,1000000+,Paid,0.0,Adults only 18+,Board,"January 01, 2021",3.0.6,8.0 and up
Quick Analyzer 7,PRODUCTIVITY,2.8,209103,45M,10000000+,Free,0.99,Everyone,Strategy,"August 04, 2021",8.1.3,8.0 and up
HD Cleaner 3,PERSONALIZATION,2.8,331338,1M,10000+,Free,4.99,Everyone 10+,Puzzle,"April 18, 2021",7.7.0,7.0 and up
Easy Translator 9,FAMILY,3.9,703315,40M,1000+,Free,0.0,Mature 17+,Adventure,"November 11, 2021",4.5.2,9.0 and up
Awesome Assistant 2,ENTERTAINMENT,1.1,13150,19M,10000000+,Paid,0.0,Everyone,Word,"November 01, 2021",5.9.8,4.0 and up
Super Translator 5,TOOLS,2.4,388622,76M,100000000+,Free,4.99,Mature 17+,Arcade,"December 10, 2021",3.4.7,4.0 and up
Cool Planner 9,MEDICAL,4.3,607755,72M,1000000+,Free,29.99,Everyone 10+,Racing,"September 23, 2021",6.3.7,4.0 and up
Fantastic Compass 3,SHOPPING,3.4,538655,72M,1000+,Free,0.0,Adults only 18+,Educational,"April 06, 2021",3.2.3,4.0 and up
Awesome Calculator 8,MEDICAL,2.3,523385,61M,100000+,Paid,19.99,Teen,Casino,"February 23, 2021",9.4.7,6.0 and up
Awesome Scanner 1,EDUCATION,4.6,111682,12M,10000+,Free,0.0,Teen,Word,"February 10, 2021",6.2.7,9.0 and up
Smart Editor 6,MEDICAL,4.1,330827,61M,100000000+,Paid,0.99,Adults only 18+,Educational,"August 24, 2021",9.7.3,5.0 and up
Smart Notes 3,DATING,2.1,645971,33M,100000+,Free,1.99,Everyone,Word,"January 13, 2021",6.0.3,5.0 and up
Perfect Tracker 9,COMMUNICATION,3.6,589931,45M,1000000+,Free,0.0,Everyone,Casual,"August 18, 2021",8.0.2,7.0 and up
Ultimate Analyzer 2,DATING,3.4,732313,90M,1000+,Free,0.99,Mature 17+,Strategy,"June 13, 2021",1.8.1,6.0 and up
Amazing Tracker 9,PRODUCTIVITY,2.6,620409,92M,1000000+,Paid,0.0,Adults only 18+,Sports,"January 05, 2021",9.3.1,4.0 and up
Awesome Calculator 4,GAME,2.5,864700,69M,1000+,Paid,2.99,Everyone,Sports,"November 07, 2021",4.9.5,4.0 and up
Super Wallet 5,EDUCATION,2.4,406150,8M,10000000+,Free,0.0,Adults only 18+,Card,"October 17, 2021",7.2.2,8.0 and up
Perfect Notes 8,EDUCATION,3.5,69296,25M,10000+,Free,0.99,Everyone 10+,Puzzle,"February 23, 2021",8.4.3,8.0 and up
Perfect Manager 7,TRAVEL_AND_LOCAL,2.8,93279,91M,10000000+,Free,0.0,Teen,Board,"June 19, 2021",7.6.8,7.0 and up
Fantastic Assistant 1,ENTERTAINMENT,4.3,258645,46M,10000000+,Free,0.0,Teen,Casino,"October 02, 2021",9.4.7,4.0 and up
Perfect Monitor 3,COMMUNICATION,3.7,74081,87M,1000000+,Free,0.0,Teen,Adventure,"October 04, 2021",1.8.7,7.0 and up
Magic Wallet 6,MEDICAL,1.3,450552,30M,10000+,Free,0.99,Adults only 18+,Trivia,"March 07, 2021",6.2.2,6.0 and up
Magic Recorder 3,PHOTOGRAPHY,3.6,221105,47M,1000+,Free,29.99,Adults only 18+,Adventure,"August 18, 2021",8.4.9,5.0 and up
Magic Manager 2,SHOPPING,2.1,513327,87M,1000+,Free,1.99,Mature 17+,Adventure,"October 07, 2021",7.4.7,4.0 and up
Cool Calculator 1,COMMUNICATION,3.4,30661,49M,100000000+,Free,2.99,Teen,Racing,"August 06, 2021",4.1.2,9.0 and up
Cool Translator 3,LIFESTYLE,3.7,70212,47M,100000+,Paid,0.0,Mature 17+,Casual,"June 26, 2021",8.6.1,6.0 and up
Awesome Tracker 1,SPORTS,1.9,48787,84M,100000000+,Free,0.0,Teen,Sports,"January 04, 2021",6.8.3,4.0 and up
Perfect Assistant 5,GAME,2.8,148076,82M,100000000+,Free,0.0,Mature 17+,Adventure,"January 20, 2021",9.1.1,9.0 and up
Magic Tracker 9,FINANCE,1.8,853705,18M,1000+,Paid,0.0,Mature 17+,Trivia,"February 11, 2021",9.6.6,8.0 and up
Cool Assistant 5,ENTERTAINMENT,1.2,190716,66M,1000000+,Free,0.0,Everyone 10+,Trivia,"May 26, 2021",1.5.6,7.0 and up
HD Tracker 1,ENTERTAINMENT,2.5,624456,68M,10000000+,Free,0.0,Mature 17+,Simulation,"September 27, 2021",6.5.1,8.0 and up
Awesome Calculator 3,HEALTH_AND_FITNESS,2.5,797242,94M,10000000+,Free,0.0,Adults only 18+,Trivia,"December 10, 2021",6.3.8,5.0 and up
Perfect Analyzer 9,SPORTS,5.0,824265,33M,10000000+,Free,0.0,Mature 17+,Sports,"March 24, 2021",1.7.4,8.0 and up
Simple Tracker 8,FAMILY,2.8,763945,36M,10000+,Free,0.0,Teen,Adventure,"March 06, 2021",1.3.0,4.0 and up
Premium Analyzer 6,TRAVEL_AND_LOCAL,2.3,326032,82M,1000+,Free,0.0,Mature 17+,Trivia,"April 24, 2021",6.1.4,9.0 and up
Easy Messenger 2,FAMILY,3.3,280862,19M,1000000+,Paid,9.99,Everyone,Puzzle,"November 06, 2021",7.1.5,8.0 and up
Simple Assistant 8,MEDICAL,1.4,668189,28M,10000+,Free,29.99,Teen,Casual,"August 01, 2021",6.4.4,4.0 and up
Super Planner 6,DATING,4.8,730275,40M,100000+,Free,9.99,Everyone,Role Playing,"June 17, 2021",3.9.9,5.0 and up
Perfect Browser 7,PHOTOGRAPHY,3.5,588168,84M,1000000+,Free,0.0,Teen,Arcade,"January 24, 2021",2.6.0,9.0 and up
Simple Tracker 2,SOCIAL,4.0,533581,97M,100000000+,Free,0.0,Adults only 18+,Arcade,"July 19, 2021",6.5.2,8.0 and up
Quick Recorder 7,PERSONALIZATION,1.7,685943,76M,1000000+,Free,29.99,Adults only 18+,Casual,"June 25, 2021",2.1.8,7.0 and up
Quick Editor 4,LIFESTYLE,2.6,865149,15M,1000000+,Paid,0.0,Adults only 18+,Card,"July 03, 2021",5.6.4,7.0 and up
Super Manager 3,ENTERTAINMENT,2.7,424159,41M,10000000+,Free,0.0,Everyone,Racing,"June 11, 2021",7.3.7,9.0 and up
Easy Converter 2,SPORTS,4.3,530072,39M,1000000+,Free,0.0,Everyone 10+,Strategy,"April 19, 2021",7.9.4,7.0 and up
Amazing Compass 9,SHOPPING,1.0,203137,2M,100000000+,Free,0.0,Teen,Strategy,"September 10, 2021",6.4.6,8.0 and up
Simple Assistant 4,FAMILY,2.2,142065,63M,100000000+,Free,0.0,Adults only 18+,Casino,"February 01, 2021",2.4.9,8.0 and up
Simple Camera 6,ENTERTAINMENT,4.9,620766,29M,1000+,Paid,0.0,Teen,Sports,"February 23, 2021",3.8.5,9.0 and up
Best Player 1,TRAVEL_AND_LOCAL,2.9,882776,74M,1000000+,Free,0.0,Everyone,Simulation,"October 17, 2021",3.6.3,8.0 and up
Smart Monitor 5,SHOPPING,2.5,804575,66M,10000000+,Free,0.0,Everyone 10+,Educational,"June 14, 2021",3.7.3,4.0 and up
Easy Editor 6,SPORTS,1.5,932453,51M,1000000+,Free,0.0,Everyone,Puzzle,"July 25, 2021",1.5.9,5.0 and up
Ultimate Notes 3,PHOTOGRAPHY,4.9,525079,75M,100000+,Paid,4.99,Teen,Action,"August 22, 2021",1.4.6,7.0 and up
Easy Manager 4,DATING,1.1,114596,77M,100000+,Free,0.0,Everyone 10+,Arcade,"March 24, 2021",6.1.3,4.0 and up
Perfect Recorder 2,COMMUNICATION,3.9,449926,10M,10000000+,Free,0.0,Everyone 10+,Role Playing,"July 19, 2021",2.0.2,9.0 and up
Pro Cleaner 3,ENTERTAINMENT,4.1,289778,14M,1000+,Paid,49.99,Everyone,Casual,"September 12, 2021",3.6.0,7.0 and up
Super Compass 7,NEWS_AND_MAGAZINES,2.0,531121,82M,1000+,Paid,0.0,Adults only 18+,Casino,"February 03, 2021",9.5.3,4.0 and up
Simple Player 5,TOOLS,3.7,542787,51M,100000000+,Free,0.0,Teen,Casual,"February 01, 2021",3.2.1,8.0 and up
Premium Planner 5,SHOPPING,1.4,171043,73M,100000000+,Free,0.0,Mature 17+,Educational,"April 21, 2021",2.9.4,9.0 and up
Super Calculator 2,FINANCE,2.0,512890,39M,10000+,Free,0.0,Mature 17+,Casino,"June 05, 2021",9.1.1,9.0 and up
Perfect Translator 9,HEALTH_AND_FITNESS,4.2,291272,28M,10000000+,Free,0.0,Everyone,Arcade,"January 19, 2021",6.9.1,7.0 and up
Smart Recorder 5,TOOLS,4.5,100427,3M,1000000+,Free,29.99,Teen,Adventure,"January 27, 2021",4.5.4,8.0 and up
Super Translator 7,PHOTOGRAPHY,3.4,81826,84M,10000000+,Free,0.0,Teen,Simulation,"May 21, 2021",1.5.0,7.0 and up
Perfect Player 6,GAME,3.0,677633,70M,10000+,Free,0.0,Everyone,Casual,"December 27, 2021",3.9.4,6.0 and up
Ultimate Tracker 3,FINANCE,1.6,275719,27M,100000000+,Free,0.0,Teen,Simulation,"June 08, 2021",5.9.5,4.0 and up
Cool Wallet 5,ENTERTAINMENT,1.3,675724,2M,10000000+,Free,0.0,Adults only 18+,Simulation,"October 16, 2021",8.4.0,6.0 and up
HD Assistant 4,FAMILY,1.5,174033,93M,10000000+,Paid,0.0,Everyone,Simulation,"December 01, 2021",5.2.3,4.0 and up
Cool Monitor 5,PHOTOGRAPHY,1.9,877621,38M,100000000+,Free,0.0,Adults only 18+,Role Playing,"April 10, 2021",8.6.4,5.0 and up
Easy Editor 1,DATING,2.4,547946,3M,10000+,Free,0.0,Teen,Action,"November 17, 2021",2.5.5,9.0 and up
Premium Player 7,COMMUNICATION,2.5,443955,16M,100000000+,Free,0.0,Everyone,Arcade,"September 27, 2021",6.8.7,7.0 and up
Simple Cleaner 6,EDUCATION,2.4,41981,94M,1000+,Paid,0.0,Teen,Simulation,"July 07, 2021",8.0.4,5.0 and up
Cool Editor 2,ENTERTAINMENT,2.0,18668,40M,1000000+,Free,0.0,Everyone,Role Playing,"December 21, 2021",7.5.4,5.0 and up
Awesome Cleaner 3,COMMUNICATION,3.0,21263,2M,100000000+,Free,19.99,Teen,Board,"July 12, 2021",8.2.5,9.0 and up
Simple Calculator 8,NEWS_AND_MAGAZINES,4.3,457392,81M,10000+,Free,0.0,Adults only 18+,Sports,"February 14, 2021",5.7.3,9.0 and up
Cool Recorder 4,BUSINESS,2.1,179645,41M,100000+,Free,0.0,Adults only 18+,Strategy,"April 14, 2021",8.9.1,4.0 and up
Perfect Translator 7,TRAVEL_AND_LOCAL,4.8,157472,12M,1000+,Free,0.0,Teen,Action,"July 19, 2021",9.8.9,6.0 and up
Amazing Assistant 4,DATING,4.5,350818,35M,100000+,Free,0.99,Everyone,Card,"February 10, 2021",6.3.3,8.0 and up
Smart Monitor 2,BUSINESS,1.6,706948,65M,100000000+,Free,0.0,Mature 17+,Racing,"February 17, 2021",6.4.5,4.0 and up
Fantastic Calculator 1,ENTERTAINMENT,4.1,210107,55M,1000+,Paid,0.0,Adults only 18+,Arcade,"May 12, 2021",7.6.8,8.0 and up
Ultimate Compass 5,TRAVEL_AND_LOCAL,3.3,628148,45M,1000000+,Free,4.99,Adults only 18+,Adventure,"June 22, 2021",8.5.5,5.0 and up
Pro Tracker 1,EDUCATION,3.3,950172,79M,100000000+,Free,1.99,Mature 17+,Trivia,"September 20, 2021",5.0.8,8.0 and up
Super Manager 2,SHOPPING,2.6,662222,90M,1000000+,Paid,0.0,Teen,Arcade,"January 22, 2021",9.8.7,6.0 and up
Ultimate Compass 2,LIFESTYLE,3.0,520508,85M,10000000+,Free,0.0,Everyone,Educational,"May 26, 2021",3.0.7,4.0 and up
Fantastic Assistant 8,PHOTOGRAPHY,2.6,226068,62M,100000+,Free,9.99,Teen,Word,"June 19, 2021",7.4.9,9.0 and up
Ultimate Cleaner 2,COMMUNICATION,3.2,657921,49M,1000+,Free,49.99,Everyone 10+,Casino,"February 06, 2021",7.9.3,6.0 and up
Fantastic Planner 7,PHOTOGRAPHY,3.5,858389,95M,1000000+,Free,49.99,Adults only 18+,Sports,"January 23, 2021",9.9.1,6.0 and up
Awesome Analyzer 8,SHOPPING,3.7,585299,25M,10000+,Paid,0.0,Everyone 10+,Strategy,"July 26, 2021",9.8.4,4.0 and up
Awesome Editor 5,TRAVEL_AND_LOCAL,3.1,180241,23M,1000000+,Paid,0.0,Adults only 18+,Casual,"July 15, 2021",1.6.9,9.0 and up
Quick Tracker 1,ENTERTAINMENT,3.9,122785,24M,10000+,Free,0.0,Adults only 18+,Simulation,"December 27, 2021",4.8.5,6.0 and up
Fantastic Translator 4,TRAVEL_AND_LOCAL,1.6,969221,38M,100000000+,Free,29.99,Everyone 10+,Casino,"October 01, 2021",3.5.9,9.0 and up
Amazing Assistant 7,LIFESTYLE,1.8,557541,28M,1000+,Paid,0.0,Everyone 10+,Casino,"April 13, 2021",6.4.1,7.0 and up
Perfect Player 1,DATING,4.3,677170,21M,1000000+,Paid,0.0,Teen,Word,"July 27, 2021",2.6.1,7.0 and up
Easy Recorder 7,COMMUNICATION,2.3,862381,54M,1000000+,Paid,0.99,Everyone 10+,Simulation,"September 05, 2021",6.4.3,7.0 and up
Quick Tracker 9,SHOPPING,1.1,319982,18M,1000+,Free,0.0,Teen,Word,"February 23, 2021",7.7.3,8.0 and up
Premium Assistant 1,MEDICAL,1.6,261726,36M,1000000+,Free,1.99,Teen,Arcade,"October 01, 2021",1.0.0,6.0 and up
Premium Notes 9,PERSONALIZATION,1.9,400465,99M,10000+,Paid,0.0,Teen,Simulation,"July 06, 2021",1.4.3,4.0 and up
Magic Recorder 3,FINANCE,4.8,268864,45M,1000000+,Free,0.0,Adults only 18+,Sports,"July 16, 2021",9.2.6,4.0 and up
Super Editor 9,NEWS_AND_MAGAZINES,3.3,414610,73M,100000+,Free,0.0,Adults only 18+,Strategy,"October 03, 2021",8.5.9,8.0 and up
Fantastic Monitor 9,FAMILY,4.7,938552,53M,100000000+,Free,19.99,Everyone 10+,Educational,"March 23, 2021",1.7.9,4.0 and up
Easy Wallet 4,BUSINESS,3.3,171928,30M,10000000+,Free,0.0,Adults only 18+,Simulation,"February 01, 2021",3.7.3,7.0 and up
Fantastic Converter 5,SPORTS,2.9,219065,60M,10000+,Free,0.0,Everyone 10+,Casual,"September 09, 2021",8.0.2,6.0 and up
Cool Tracker 9,SOCIAL,2.3,985335,98M,100000+,Free,1.99,Adults only 18+,Casual,"July 07, 2021",6.8.1,4.0 and up
Awesome Editor 5,DATING,3.4,300145,32M,100000000+,Paid,0.0,Everyone,Casino,"March 26, 2021",1.9.2,4.0 and up
Easy Translator 9,BUSINESS,1.6,734427,67M,1000+,Free,0.0,Everyone,Card,"February 11, 2021",4.4.2,5.0 and up
Easy Recorder 5,EDUCATION,4.6,400197,67M,10000+,Paid,0.0,Everyone 10+,Racing,"July 09, 2021",2.1.6,5.0 and up
Simple Browser 5,EDUCATION,4.3,422365,28M,10000000+,Free,0.0,Adults only 18+,Educational,"January 14, 2021",9.9.1,5.0 and up
Fantastic Scanner 2,TRAVEL_AND_LOCAL,2.3,871887,44M,100000000+,Free,0.0,Adults only 18+,Card,"April 06, 2021",7.6.6,6.0 and up
HD Monitor 9,ENTERTAINMENT,4.8,208149,79M,10000000+,Paid,0.0,Teen,Puzzle,"July 10, 2021",3.6.0,7.0 and up
Simple Monitor 1,FINANCE,4.3,80267,41M,1000+,Free,0.0,Mature 17+,Puzzle,"July 26, 2021",1.4.1,9.0 and up
Ultimate Camera 7,SPORTS,3.7,477968,63M,1000+,Free,0.0,Everyone 10+,Action,"February 04, 2021",9.6.3,7.0 and up
Premium Recorder 8,SOCIAL,1.5,824153,23M,10000+,Free,0.0,Mature 17+,Casino,"May 17, 2021",4.1.4,7.0 and up
Simple Planner 2,GAME,2.9,6540,75M,1000000+,Free,0.0,Mature 17+,Casual,"January 10, 2021",4.0.7,6.0 and up
Best Messenger 5,FINANCE,3.0,273270,48M,1000+,Paid,0.0,Everyone 10+,Arcade,"March 15, 2021",3.5.3,6.0 and up
Ultimate Player 6,PERSONALIZATION,1.9,590092,32M,100000000+,Paid,0.0,Adults only 18+,Word,"October 19, 2021",9.6.8,5.0 and up
Fantastic Manager 1,BUSINESS,1.3,917796,57M,1000000+,Free,0.0,Everyone 10+,Casual,"December 24, 2021",3.0.4,4.0 and up
Magic Notes 1,SPORTS,4.1,210555,33M,100000+,Free,0.0,Mature 17+,Role Playing,"September 15, 2021",3.5.7,8.0 and up
HD Browser 9,HEALTH_AND_FITNESS,1.5,657268,24M,10000000+,Free,0.0,Adults only 18+,Role Playing,"November 17, 2021",4.4.4,8.0 and up
Ultimate Editor 4,PERSONALIZATION,3.4,528433,39M,1000000+,Paid,0.99,Everyone,Casual,"November 18, 2021",4.3.3,9.0 and up
Magic Compass 6,DATING,4.7,924143,34M,10000000+,Free,0.0,Everyone 10+,Word,"October 02, 2021",4.3.4,4.0 and up
Easy Cleaner 3,COMMUNICATION,4.5,371626,56M,1000000+,Free,19.99,Everyone 10+,Strategy,"April 18, 2021",2.1.8,9.0 and up
Easy Tracker 2,TRAVEL_AND_LOCAL,2.1,911589,28M,100000+,Free,1.99,Adults only 18+,Sports,"July 13, 2021",2.5.1,5.0 and up
Pro Notes 8,ENTERTAINMENT,4.4,478346,37M,1000+,Free,0.0,Everyone,Role Playing,"September 23, 2021",5.3.6,9.0 and up
Ultimate Planner 7,NEWS_AND_MAGAZINES,1.0,775168,7M,100000+,Free,0.0,Everyone,Adventure,"December 22, 2021",7.5.9,4.0 and up
Super Tracker 9,SHOPPING,1.1,613385,68M,1000+,Paid,0.0,Adults only 18+,Casual,"October 01, 2021",5.0.2,4.0 and up
HD Assistant 9,GAME,3.4,720401,37M,1000+,Free,19.99,Teen,Trivia,"November 10, 2021",9.0.4,8.0 and up
Smart Calculator 6,PRODUCTIVITY,2.5,819822,56M,10000000+,Free,0.0,Everyone 10+,Action,"September 05, 2021",2.3.0,5.0 and up
Cool Camera 5,BUSINESS,2.5,916393,65M,100000000+,Paid,0.0,Everyone 10+,Card,"November 21, 2021",3.9.6,6.0 and up
Perfect Scanner 5,EDUCATION,3.3,279225,65M,100000+,Paid,0.0,Mature 17+,Puzzle,"June 09, 2021",3.3.1,9.0 and up
Awesome Tracker 3,GAME,1.8,20084,47M,1000000+,Free,29.99,Adults only 18+,Casual,"August 08, 2021",3.8.2,8.0 and up
Awesome Analyzer 9,FAMILY,1.8,746094,20M,100000+,Free,29.99,Mature 17+,Casual,"August 01, 2021",5.1.3,9.0 and up
Super Wallet 1,GAME,2.9,592141,19M,10000000+,Free,0.0,Mature 17+,Role Playing,"January 24, 2021",7.6.2,9.0 and up
Cool Tracker 7,GAME,4.0,39911,29M,1000+,Free,0.0,Everyone,Sports,"May 25, 2021",5.0.9,6.0 and up
Quick Scanner 8,PERSONALIZATION,3.5,273359,74M,10000000+,Free,0.0,Everyone 10+,Simulation,"February 25, 2021",1.4.9,5.0 and up
Magic Monitor 8,SOCIAL,2.2,973175,60M,10000+,Free,0.0,Mature 17+,Adventure,"December 24, 2021",9.0.0,4.0 and up
Pro Manager 4,GAME,2.7,911103,18M,10000+,Free,0.99,Everyone,Educational,"September 04, 2021",4.3.1,7.0 and up
Simple Manager 2,SOCIAL,1.7,792348,92M,1000000+,Paid,0.0,Adults only 18+,Arcade,"January 17, 2021",9.8.1,9.0 and up
Pro Player 9,SHOPPING,1.3,395817,35M,10000000+,Free,0.0,Mature 17+,Trivia,"May 18, 2021",9.5.7,7.0 and up
Awesome Assistant 9,LIFESTYLE,4.1,912018,43M,1000000+,Free,0.0,Everyone 10+,Educational,"August 26, 2021",4.1.1,5.0 and up
Super Notes 3,FAMILY,2.1,587285,95M,1000000+,Free,0.99,Mature 17+,Arcade,"November 21, 2021",9.0.6,7.0 and up
Ultimate Camera 2,FINANCE,1.7,980884,91M,10000+,Paid,19.99,Adults only 18+,Racing,"May 18, 2021",3.2.1,9.0 and up
Fantastic Player 9,LIFESTYLE,3.8,342839,11M,1000000+,Paid,0.0,Mature 17+,Casual,"July 24, 2021",6.9.1,6.0 and up
Amazing Cleaner 8,TRAVEL_AND_LOCAL,3.5,372608,49M,10000+,Paid,2.99,Everyone 10+,Adventure,"October 13, 2021",4.9.8,7.0 and up
Premium Analyzer 5,EDUCATION,3.5,367641,38M,1000+,Paid,0.0,Everyone,Word,"January 18, 2021",9.5.3,5.0 and up
Easy Calculator 6,ENTERTAINMENT,1.9,578698,64M,10000000+,Paid,0.0,Everyone 10+,Board,"October 16, 2021",7.0.3,5.0 and up
Super Analyzer 1,FAMILY,1.9,156232,69M,1000000+,Free,0.0,Everyone,Role Playing,"April 05, 2021",5.7.1,6.0 and up
Best Assistant 1,PRODUCTIVITY,1.9,31862,8M,10000+,Free,0.0,Teen,Casino,"February 17, 2021",5.5.4,7.0 and up
Amazing Planner 3,COMMUNICATION,1.7,960384,34M,100000+,Free,0.0,Everyone 10+,Role Playing,"September 14, 2021",9.9.0,7.0 and up
HD Calculator 5,DATING,3.6,513022,48M,1000000+,Paid,4.99,Everyone 10+,Puzzle,"January 04, 2021",3.1.2,4.0 and up
Perfect Camera 1,BUSINESS,4.4,839198,56M,100000000+,Paid,0.0,Adults only 18+,Card,"February 27, 2021",9.8.9,8.0 and up
Cool Player 6,SPORTS,3.9,377511,76M,1000+,Free,0.0,Mature 17+,Sports,"April 24, 2021",2.2.3,5.0 and up
Fantastic Player 5,PHOTOGRAPHY,4.2,643350,65M,1000+,Free,0.0,Everyone,Puzzle,"August 15, 2021",9.2.6,4.0 and up
Cool Cleaner 3,FINANCE,2.6,56491,31M,100000+,Free,0.0,Everyone,Trivia,"November 12, 2021",3.6.6,5.0 and up
Super Wallet 9,PERSONALIZATION,3.6,787725,4M,10000+,Paid,49.99,Adults only 18+,Card,"September 13, 2021",9.1.5,4.0 and up
Premium Calculator 3,FINANCE,2.4,33701,50M,1000000+,Free,0.0,Adults only 18+,Racing,"November 15, 2021",9.1.1,8.0 and up
Ultimate Recorder 4,PERSONALIZATION,3.1,394351,69M,10000+,Free,0.0,Mature 17+,Educational,"December 05, 2021",5.9.9,4.0 and up
Premium Calculator 1,LIFESTYLE,2.9,198147,30M,1000+,Free,1.99,Mature 17+,Word,"July 19, 2021",8.8.1,5.0 and up
Smart Messenger 8,PERSONALIZATION,1.7,550468,88M,10000+,Free,0.0,Everyone 10+,Sports,"October 20, 2021",5.6.5,7.0 and up
Easy Messenger 6,EDUCATION,2.5,532736,59M,1000+,Paid,0.0,Teen,Sports,"October 25, 2021",6.6.2,5.0 and up
Magic Tracker 2,COMMUNICATION,4.9,806537,67M,10000+,Free,0.0,Mature 17+,Action,"October 26, 2021",3.9.8,9.0 and up
Pro Calculator 6,BUSINESS,2.0,671524,75M,100000+,Paid,0.0,Adults only 18+,Casual,"December 17, 2021",8.4.5,6.0 and up
Pro Player 9,BUSINESS,1.5,401230,45M,10000000+,Free,1.99,Mature 17+,Board,"February 21, 2021",1.9.0,6.0 and up
Super Translator 7,EDUCATION,2.7,796194,4M,100000+,Free,2.99,Everyone,Card,"March 02, 2021",4.1.6,9.0 and up
HD Player 5,SHOPPING,4.2,55436,26M,100000+,Free,0.0,Teen,Casino,"January 10, 2021",2.9.1,6.0 and up
Premium Messenger 3,ENTERTAINMENT,3.3,239978,27M,10000000+,Paid,2.99,Everyone 10+,Card,"March 17, 2021",5.3.7,6.0 and up
Easy Camera 2,LIFESTYLE,3.7,288973,46M,10000000+,Free,0.0,Everyone,Simulation,"December 01, 2021",4.5.4,8.0 and up
Magic Analyzer 2,SPORTS,1.8,495394,64M,1000000+,Free,0.0,Everyone,Action,"December 17, 2021",2.7.1,7.0 and up
Amazing Converter 3,SHOPPING,3.5,878493,91M,1000000+,Free,0.0,Teen,Simulation,"August 03, 2021",9.8.2,7.0 and up
HD Messenger 4,NEWS_AND_MAGAZINES,2.3,521131,51M,100000+,Paid,0.0,Everyone 10+,Puzzle,"November 17, 2021",4.7.8,5.0 and up
Quick Camera 1,MEDICAL,4.3,155299,50M,100000+,Free,0.0,Adults only 18+,Adventure,"July 26, 2021",3.4.7,9.0 and up
Smart Converter 7,FINANCE,3.5,261511,6M,1000+,Paid,0.0,Everyone 10+,Puzzle,"March 08, 2021",3.6.7,4.0 and up
Simple Compass 1,PHOTOGRAPHY,1.8,519175,59M,1000+,Free,2.99,Mature 17+,Racing,"April 04, 2021",3.1.9,5.0 and up
Cool Editor 8,PERSONALIZATION,1.3,219790,15M,1000000+,Free,0.0,Everyone,Adventure,"May 22, 2021",7.8.0,5.0 and up
Super Cleaner 1,PRODUCTIVITY,1.2,295148,30M,100000000+,Free,0.0,Mature 17+,Puzzle,"July 14, 2021",3.4.2,5.0 and up
Pro Notes 8,TRAVEL_AND_LOCAL,2.5,670406,42M,100000000+,Free,0.0,Adults only 18+,Casino,"April 16, 2021",1.6.6,5.0 and up
Cool Messenger 6,SPORTS,2.1,732645,37M,1000000+,Free,0.0,Mature 17+,Role Playing,"August 22, 2021",8.4.9,7.0 and up
Cool Messenger 3,EDUCATION,3.6,97766,42M,1000+,Free,0.0,Everyone 10+,Puzzle,"January 17, 2021",5.4.0,4.0 and up
HD Translator 6,COMMUNICATION,3.0,442642,35M,1000+,Free,0.0,Mature 17+,Sports,"September 10, 2021",5.5.0,5.0 and up
Perfect Manager 4,COMMUNICATION,2.1,927101,87M,100000000+,Paid,9.99,Adults only 18+,Casino,"June 16, 2021",7.0.1,7.0 and up
Smart Editor 8,SOCIAL,1.6,95675,6M,10000+,Free,0.0,Adults only 18+,Casino,"October 08, 2021",2.4.9,5.0 and up
Quick Tracker 3,SOCIAL,1.5,656015,68M,10000+,Paid,0.0,Adults only 18+,Sports,"July 06, 2021",7.0.9,6.0 and up
Best Analyzer 3,HEALTH_AND_FITNESS,4.5,162012,18M,1000+,Free,0.0,Everyone 10+,Role Playing,"April 16, 2021",1.0.5,5.0 and up
Fantastic Player 2,HEALTH_AND_FITNESS,2.0,261701,73M,10000+,Free,0.0,Adults only 18+,Strategy,"July 09, 2021",2.0.5,9.0 and up
Pro Cleaner 6,TRAVEL_AND_LOCAL,3.6,606133,29M,10000000+,Free,0.0,Everyone,Adventure,"November 26, 2021",2.5.9,9.0 and up
Cool Camera 1,MEDICAL,4.2,122242,77M,1000000+,Free,9.99,Adults only 18+,Educational,"October 14, 2021",8.1.8,5.0 and up
Cool Planner 2,SOCIAL,3.5,947604,59M,1000000+,Free,0.0,Mature 17+,Arcade,"July 01, 2021",8.9.0,8.0 and up
Super Wallet 9,BUSINESS,4.4,742859,47M,1000+,Free,0.0,Mature 17+,Casual,"October 25, 2021",7.9.5,6.0 and up
Simple Converter 9,HEALTH_AND_FITNESS,2.6,445368,17M,100000+,Free,0.0,Mature 17+,Card,"April 03, 2021",6.5.5,4.0 and up
Magic Converter 8,COMMUNICATION,4.8,243061,96M,100000000+,Free,0.0,Everyone 10+,Arcade,"April 04, 2021",7.2.5,5.0 and up
Premium Scanner 1,EDUCATION,1.5,157557,22M,1000+,Paid,0.0,Mature 17+,Action,"October 11, 2021",3.6.6,4.0 and up
Simple Editor 1,FINANCE,1.4,412114,68M,10000+,Paid,19.99,Everyone 10+,Educational,"February 14, 2021",8.1.8,6.0 and up
Smart Assistant 3,EDUCATION,3.6,568030,69M,100000000+,Free,0.0,Everyone 10+,Arcade,"December 17, 2021",5.8.9,5.0 and up
Ultimate Notes 8,HEALTH_AND_FITNESS,4.8,736993,37M,100000+,Free,9.99,Adults only 18+,Adventure,"December 26, 2021",5.6.8,8.0 and up
Magic Wallet 7,TOOLS,4.2,308459,49M,10000+,Free,0.0,Everyone,Word,"December 01, 2021",4.1.8,7.0 and up
Premium Messenger 8,PERSONALIZATION,1.3,701407,13M,10000000+,Free,29.99,Adults only 18+,Action,"August 02, 2021",2.2.9,8.0 and up
Fantastic Browser 3,PHOTOGRAPHY,2.1,533644,34M,10000+,Free,0.0,Adults only 18+,Board,"December 26, 2021",2.2.5,8.0 and up
HD Wallet 2,PRODUCTIVITY,4.7,787029,86M,10000000+,Free,0.0,Everyone 10+,Sports,"May 16, 2021",3.9.7,7.0 and up
Simple Camera 3,HEALTH_AND_FITNESS,2.0,12773,53M,100000000+,Free,0.0,Everyone 10+,Educational,"April 08, 2021",6.6.0,7.0 and up
Fantastic Converter 9,PHOTOGRAPHY,4.1,190247,87M,10000000+,Free,29.99,Mature 17+,Sports,"February 10, 2021",3.2.1,9.0 and up
Easy Player 7,ENTERTAINMENT,4.3,762851,51M,100000000+,Free,0.0,Mature 17+,Arcade,"September 23, 2021",7.8.3,7.0 and up
Quick Assistant 7,GAME,3.0,856057,3M,100000000+,Paid,0.0,Adults only 18+,Strategy,"July 17, 2021",5.2.8,5.0 and up
Magic Monitor 9,LIFESTYLE,2.5,429342,42M,100000000+,Paid,0.0,Teen,Action,"December 02, 2021",4.4.0,4.0 and up
Super Recorder 4,COMMUNICATION,2.8,645285,98M,100000000+,Free,0.99,Teen,Board,"April 20, 2021",2.8.1,9.0 and up
Quick Editor 3,DATING,1.9,216833,32M,100000000+,Paid,0.0,Mature 17+,Puzzle,"November 14, 2021",5.7.2,9.0 and up
Quick Recorder 2,SHOPPING,4.6,91363,51M,10000+,Paid,49.99,Teen,Sports,"March 23, 2021",6.3.6,4.0 and up
HD Editor 6,TOOLS,2.8,221383,85M,100000000+,Free,0.0,Mature 17+,Action,"December 08, 2021",3.5.9,9.0 and up
Amazing Converter 8,MEDICAL,4.5,357802,46M,10000+,Free,0.0,Everyone 10+,Simulation,"February 04, 2021",9.9.0,7.0 and up
Smart Assistant 3,COMMUNICATION,1.4,549854,21M,100000000+,Free,0.0,Adults only 18+,Strategy,"March 02, 2021",3.1.7,8.0 and up
Simple Planner 5,SHOPPING,5.0,845484,44M,10000000+,Paid,19.99,Everyone,Role Playing,"December 14, 2021",7.1.5,6.0 and up
Magic Notes 2,EDUCATION,2.8,542397,11M,100000000+,Paid,0.0,Adults only 18+,Adventure,"June 13, 2021",3.7.9,7.0 and up
Best Recorder 6,DATING,1.2,371243,68M,100000+,Free,49.99,Mature 17+,Puzzle,"April 22, 2021",3.9.8,8.0 and up
Cool Calculator 5,HEALTH_AND_FITNESS,1.2,176178,1M,100000000+,Free,0.0,Mature 17+,Word,"February 12, 2021",1.4.2,8.0 and up
Magic Camera 6,PERSONALIZATION,4.0,727356,92M,100000000+,Free,0.0,Adults only 18+,Adventure,"April 27, 2021",6.9.1,9.0 and up
Easy Translator 4,MEDICAL,3.6,668600,63M,10000000+,Free,0.0,Mature 17+,Sports,"June 21, 2021",9.5.6,5.0 and up
Premium Scanner 8,FAMILY,4.2,422235,24M,1000000+,Free,0.0,Teen,Arcade,"March 08, 2021",5.8.0,5.0 and up
Easy Planner 7,MEDICAL,1.4,202051,99M,10000000+,Paid,1.99,Teen,Casual,"July 16, 2021",5.9.5,9.0 and up
Fantastic Compass 8,FAMILY,1.1,33876,13M,100000+,Free,4.99,Mature 17+,Arcade,"March 06, 2021",7.3.0,9.0 and up
Cool Editor 8,ENTERTAINMENT,3.0,105410,98M,1000000+,Paid,0.99,Mature 17+,Puzzle,"April 27, 2021",8.9.3,4.0 and up
HD Camera 2,FAMILY,2.6,870688,11M,1000+,Paid,1.99,Teen,Word,"May 11, 2021",3.6.1,4.0 and up
Awesome Scanner 4,MEDICAL,2.8,339129,51M,1000+,Paid,0.0,Mature 17+,Casino,"May 16, 2021",8.5.6,6.0 and up
HD Camera 6,FINANCE,5.0,435081,17M,100000+,Free,0.0,Mature 17+,Arcade,"July 27, 2021",5.8.4,6.0 and up
Super Camera 3,LIFESTYLE,4.9,343711,99M,10000000+,Free,1.99,Adults only 18+,Puzzle,"May 11, 2021",5.2.0,6.0 and up
Premium Messenger 8,PRODUCTIVITY,4.8,137498,82M,10000+,Free,0.0,Everyone,Action,"March 26, 2021",2.7.0,6.0 and up
Simple Compass 5,HEALTH_AND_FITNESS,4.1,596814,86M,100000+,Free,19.99,Teen,Racing,"May 23, 2021",7.4.2,8.0 and up
Magic Editor 3,HEALTH_AND_FITNESS,2.4,186997,24M,1000000+,Free,2.99,Adults only 18+,Arcade,"May 05, 2021",7.8.1,8.0 and up
Awesome Calculator 4,COMMUNICATION,2.6,411284,19M,1000000+,Free,0.0,Everyone,Action,"September 15, 2021",8.8.2,4.0 and up
Super Monitor 1,PHOTOGRAPHY,3.2,994151,37M,100000000+,Free,2.99,Mature 17+,Adventure,"March 06, 2021",2.6.4,5.0 and up
Simple Wallet 6,SOCIAL,4.3,433944,85M,1000+,Free,0.0,Mature 17+,Word,"January 26, 2021",5.9.4,9.0 and up
Cool Scanner 4,EDUCATION,1.3,294756,8M,1000000+,Free,0.0,Adults only 18+,Simulation,"May 08, 2021",4.4.3,5.0 and up
Ultimate Scanner 3,BUSINESS,2.7,467884,28M,100000+,Free,0.0,Mature 17+,Educational,"May 25, 2021",6.3.1,7.0 and up
Super Camera 2,ENTERTAINMENT,1.3,471338,5M,1000000+,Paid,0.0,Everyone 10+,Casual,"November 06, 2021",9.1.8,8.0 and up
Smart Cleaner 5,GAME,3.1,189149,17M,100000+,Paid,0.0,Adults only 18+,Adventure,"August 10, 2021",6.8.8,6.0 and up
Easy Cleaner 2,PHOTOGRAPHY,4.6,158598,36M,10000+,Free,0.0,Everyone,Adventure,"August 03, 2021",3.0.0,6.0 and up
Ultimate Manager 2,BUSINESS,4.1,653593,19M,100000000+,Free,49.99,Adults only 18+,Puzzle,"July 14, 2021",3.4.2,7.0 and up
Awesome Calculator 5,MEDICAL,1.9,612267,64M,1000+,Free,0.99,Teen,Sports,"July 14, 2021",9.8.2,5.0 and up
Quick Assistant 9,NEWS_AND_MAGAZINES,4.9,656459,91M,1000000+,Free,0.0,Adults only 18+,Sports,"October 12, 2021",3.4.1,6.0 and up
Best Converter 8,PRODUCTIVITY,3.7,954860,98M,100000+,Free,0.0,Mature 17+,Casino,"June 12, 2021",6.6.8,5.0 and up
Magic Tracker 1,COMMUNICATION,1.0,205745,11M,10000000+,Paid,2.99,Mature 17+,Card,"July 14, 2021",6.2.4,9.0 and up
Cool Monitor 2,TRAVEL_AND_LOCAL,2.0,665857,54M,1000+,Free,0.0,Everyone 10+,Racing,"February 09, 2021",4.4.7,7.0 and up
Premium Scanner 9,TRAVEL_AND_LOCAL,2.0,262309,45M,10000+,Free,0.0,Everyone 10+,Casino,"October 26, 2021",8.5.0,5.0 and up
Amazing Monitor 3,FAMILY,1.3,123960,47M,100000+,Free,0.0,Everyone 10+,Word,"January 17, 2021",8.7.1,9.0 and up
Fantastic Calculator 8,TOOLS,4.8,329648,12M,100000000+,Free,0.0,Everyone,Puzzle,"March 19, 2021",4.1.3,5.0 and up
Perfect Manager 9,TOOLS,2.9,600527,21M,100000000+,Free,0.0,Everyone 10+,Word,"January 12, 2021",7.8.7,5.0 and up
Cool Wallet 3,FINANCE,4.6,104658,11M,10000+,Free,1.99,Everyone,Role Playing,"July 04, 2021",9.7.1,6.0 and up
Cool Player 5,SOCIAL,2.3,38557,92M,10000+,Free,0.0,Everyone 10+,Casual,"October 13, 2021",7.1.1,4.0 and up
Fantastic Wallet 4,PERSONALIZATION,1.5,553093,5M,100000000+,Free,0.0,Everyone,Trivia,"February 10, 2021",4.0.4,8.0 and up
Quick Recorder 9,ENTERTAINMENT,2.9,186378,81M,1000000+,Free,0.0,Adults only 18+,Racing,"May 22, 2021",6.8.9,5.0 and up
Amazing Manager 8,TRAVEL_AND_LOCAL,1.5,545745,56M,1000000+,Free,0.0,Adults only 18+,Racing,"September 04, 2021",8.1.0,5.0 and up
Easy Manager 3,LIFESTYLE,2.9,691968,20M,100000+,Free,0.0,Mature 17+,Strategy,"February 05, 2021",2.6.3,5.0 and up
Ultimate Camera 1,SHOPPING,4.7,959328,41M,10000000+,Paid,2.99,Everyone,Puzzle,"March 02, 2021",5.6.2,4.0 and up
Easy Converter 1,FAMILY,3.1,746121,46M,100000+,Free,9.99,Teen,Board,"December 17, 2021",2.6.4,9.0 and up
Quick Assistant 1,LIFESTYLE,3.5,256200,12M,10000000+,Free,0.0,Mature 17+,Adventure,"October 02, 2021",1.0.8,7.0 and up
HD Messenger 5,FINANCE,1.6,206412,70M,10000+,Free,2.99,Adults only 18+,Simulation,"June 08, 2021",5.0.6,6.0 and up
Smart Manager 3,DATING,1.2,252429,17M,1000+,Free,1.99,Everyone,Educational,"March 11, 2021",9.0.9,4.0 and up
Easy Compass 6,FAMILY,1.4,754115,19M,100000+,Free,49.99,Everyone 10+,Board,"September 12, 2021",4.2.4,9.0 and up
Magic Tracker 7,PHOTOGRAPHY,3.4,874402,26M,100000+,Free,0.0,Teen,Sports,"September 02, 2021",7.7.1,5.0 and up
Fantastic Manager 4,TOOLS,1.4,849720,48M,10000000+,Paid,0.0,Adults only 18+,Puzzle,"August 26, 2021",7.0.6,9.0 and up
HD Converter 1,TOOLS,2.5,579375,52M,10000+,Free,0.0,Mature 17+,Trivia,"November 21, 2021",8.1.8,4.0 and up
Awesome Browser 4,GAME,3.2,112792,96M,10000+,Free,0.0,Everyone,Trivia,"April 10, 2021",1.5.0,4.0 and up
Ultimate Camera 9,BUSINESS,2.6,627230,70M,10000000+,Free,0.0,Teen,Board,"May 20, 2021",3.5.2,4.0 and up
Super Player 7,COMMUNICATION,1.7,989420,55M,10000+,Paid,0.0,Everyone,Trivia,"August 04, 2021",8.4.1,7.0 and up
Super Editor 6,MEDICAL,2.1,927042,75M,100000000+,Free,19.99,Everyone 10+,Educational,"October 12, 2021",4.8.3,8.0 and up
Amazing Cleaner 5,SOCIAL,4.7,443326,33M,1000000+,Free,0.99,Mature 17+,Puzzle,"June 18, 2021",8.4.9,6.0 and up
Best Cleaner 1,ENTERTAINMENT,3.7,372023,62M,100000000+,Free,4.99,Everyone,Sports,"May 22, 2021",1.6.2,7.0 and up
Magic Camera 4,SPORTS,3.0,925693,88M,1000+,Free,0.0,Adults only 18+,Puzzle,"May 12, 2021",8.2.0,7.0 and up
Ultimate Notes 8,PRODUCTIVITY,1.1,310935,23M,100000+,Free,0.0,Mature 17+,Racing,"February 07, 2021",5.1.3,8.0 and up
HD Manager 5,PHOTOGRAPHY,5.0,186349,15M,1000+,Free,0.0,Adults only 18+,Board,"April 24, 2021",1.8.5,7.0 and up
Ultimate Converter 4,TRAVEL_AND_LOCAL,3.7,475605,27M,100000+,Free,0.0,Everyone,Action,"July 07, 2021",8.3.8,4.0 and up
Pro Recorder 2,NEWS_AND_MAGAZINES,2.3,417178,75M,1000000+,Free,0.0,Mature 17+,Word,"September 01, 2021",2.8.4,4.0 and up
Best Compass 3,PRODUCTIVITY,4.5,840240,64M,10000+,Free,0.0,Adults only 18+,Trivia,"October 06, 2021",6.2.3,9.0 and up
Awesome Editor 5,PRODUCTIVITY,2.0,98706,81M,100000000+,Free,0.0,Everyone 10+,Arcade,"June 22, 2021",6.6.0,5.0 and up
Awesome Scanner 8,COMMUNICATION,3.2,503660,51M,10000000+,Paid,2.99,Everyone 10+,Puzzle,"December 22, 2021",7.0.4,7.0 and up
Magic Camera 8,PERSONALIZATION,3.5,50949,53M,100000000+,Free,0.0,Everyone,Board,"December 10, 2021",6.1.9,5.0 and up
Easy Converter 8,GAME,1.9,815958,78M,1000000+,Free,29.99,Mature 17+,Card,"July 26, 2021",9.9.5,6.0 and up
Premium Analyzer 9,TOOLS,4.9,711896,91M,1000+,Free,0.0,Teen,Casual,"June 17, 2021",7.9.7,4.0 and up
Super Converter 8,SHOPPING,4.0,141531,82M,10000000+,Free,0.0,Mature 17+,Card,"March 18, 2021",1.7.3,9.0 and up
Pro Scanner 4,BUSINESS,3.2,574588,92M,10000+,Paid,0.0,Everyone 10+,Board,"June 24, 2021",8.5.8,6.0 and up
Perfect Editor 5,SPORTS,1.7,913130,51M,1000000+,Free,0.0,Adults only 18+,Trivia,"March 10, 2021",4.1.1,9.0 and up
Smart Player 8,COMMUNICATION,1.2,873103,47M,10000000+,Free,0.0,Teen,Adventure,"August 08, 2021",5.9.8,8.0 and up
HD Cleaner 1,GAME,2.3,335108,4M,1000000+,Free,0.0,Everyone,Trivia,"May 24, 2021",3.7.3,4.0 and up
Pro Planner 6,SHOPPING,4.0,809188,7M,1000000+,Free,0.0,Teen,Adventure,"June 21, 2021",6.9.5,6.0 and up
Fantastic Wallet 8,SPORTS,2.1,592288,35M,10000+,Free,0.0,Everyone,Sports,"September 07, 2021",3.4.2,8.0 and up
Quick Scanner 7,TOOLS,3.2,583108,48M,100000+,Free,0.0,Teen,Sports,"August 01, 2021",1.6.3,6.0 and up
Super Wallet 5,ENTERTAINMENT,3.9,642660,73M,10000000+,Free,29.99,Everyone,Board,"November 18, 2021",7.2.4,9.0 and up
Cool Wallet 4,TOOLS,1.4,476523,72M,10000+,Paid,0.0,Everyone,Racing,"August 25, 2021",5.1.9,8.0 and up
Magic Calculator 6,COMMUNICATION,3.7,146305,45M,1000000+,Free,49.99,Teen,Sports,"April 12, 2021",2.3.3,8.0 and up
Easy Compass 8,TOOLS,1.4,465463,81M,10000+,Paid,0.0,Teen,Racing,"October 27, 2021",4.5.1,4.0 and up
HD Converter 9,DATING,4.9,657967,81M,100000+,Paid,1.99,Everyone,Sports,"October 14, 2021",6.6.9,5.0 and up
Cool Planner 4,DATING,3.0,721047,97M,100000000+,Paid,4.99,Everyone 10+,Trivia,"September 20, 2021",3.7.1,9.0 and up
Quick Planner 3,COMMUNICATION,1.6,264813,96M,10000000+,Free,0.0,Teen,Puzzle,"October 10, 2021",8.4.1,9.0 and up
HD Notes 9,ENTERTAINMENT,2.4,86526,72M,100000+,Free,0.0,Mature 17+,Educational,"October 25, 2021",7.1.5,8.0 and up
Simple Scanner 6,ENTERTAINMENT,2.7,74577,19M,1000+,Paid,4.99,Adults only 18+,Arcade,"November 23, 2021",3.8.2,8.0 and up
Amazing Browser 2,FINANCE,4.0,801479,63M,10000000+,Free,0.0,Everyone,Word,"February 25, 2021",3.4.6,4.0 and up
Best Messenger 1,COMMUNICATION,4.0,126508,38M,100000+,Free,0.0,Everyone,Trivia,"April 08, 2021",8.6.8,5.0 and up
Perfect Scanner 3,SHOPPING,3.4,702108,67M,1000000+,Paid,0.0,Adults only 18+,Strategy,"July 07, 2021",5.9.2,9.0 and up
Magic Browser 4,EDUCATION,1.4,464904,59M,10000000+,Paid,9.99,Everyone 10+,Word,"August 01, 2021",6.4.3,7.0 and up
Magic Calculator 1,TRAVEL_AND_LOCAL,1.6,536407,69M,10000000+,Free,4.99,Adults only 18+,Puzzle,"May 02, 2021",2.6.4,7.0 and up
Ultimate Scanner 6,FAMILY,1.4,284164,13M,10000+,Free,0.0,Teen,Strategy,"February 15, 2021",4.7.8,5.0 and up
Simple Analyzer 5,PERSONALIZATION,3.3,795229,47M,1000000+,Free,0.0,Adults only 18+,Card,"January 05, 2021",9.2.2,6.0 and up
Super Browser 1,TOOLS,4.5,763770,61M,1000+,Paid,0.0,Everyone,Role Playing,"February 20, 2021",5.4.9,4.0 and up
Awesome Planner 1,SHOPPING,2.7,139554,31M,100000000+,Paid,0.0,Adults only 18+,Arcade,"March 19, 2021",2.0.7,5.0 and up
Awesome Manager 1,GAME,1.6,246193,80M,100000+,Free,29.99,Mature 17+,Card,"February 22, 2021",3.0.0,7.0 and up
Easy Calculator 7,PHOTOGRAPHY,3.2,678753,96M,10000+,Free,0.0,Teen,Sports,"February 14, 2021",2.5.5,8.0 and up
Fantastic Compass 1,FINANCE,4.2,323863,22M,100000+,Paid,0.0,Adults only 18+,Racing,"August 08, 2021",3.3.1,7.0 and up
Ultimate Translator 8,TOOLS,4.0,463011,93M,1000+,Free,0.0,Everyone,Sports,"December 21, 2021",2.6.0,8.0 and up
Fantastic Analyzer 1,TOOLS,4.5,768623,86M,1000+,Free,19.99,Teen,Board,"October 23, 2021",7.0.5,4.0 and up
Premium Compass 2,GAME,2.1,34528,43M,10000000+,Paid,0.0,Everyone,Educational,"April 17, 2021",3.7.5,8.0 and up
Amazing Assistant 2,DATING,1.8,53919,67M,1000+,Free,0.0,Everyone 10+,Sports,"November 02, 2021",2.7.4,5.0 and up
Premium Camera 3,HEALTH_AND_FITNESS,4.5,804793,54M,100000+,Free,0.0,Mature 17+,Simulation,"October 26, 2021",8.7.5,8.0 and up
HD Editor 1,TRAVEL_AND_LOCAL,3.6,724994,10M,1000000+,Free,0.0,Everyone 10+,Card,"April 01, 2021",2.7.5,6.0 and up
Smart Browser 3,COMMUNICATION,2.2,970844,42M,1000000+,Free,0.0,Mature 17+,Racing,"August 25, 2021",6.7.0,5.0 and up
Perfect Cleaner 3,PRODUCTIVITY,4.0,515703,64M,10000000+,Paid,0.0,Adults only 18+,Simulation,"April 10, 2021",2.8.7,4.0 and up
Premium Messenger 1,SHOPPING,4.3,539580,21M,100000000+,Free,0.0,Teen,Educational,"March 18, 2021",7.6.4,5.0 and up
Easy Analyzer 7,EDUCATION,3.5,478092,80M,100000+,Paid,1.99,Adults only 18+,Puzzle,"May 19, 2021",2.5.9,6.0 and up
Ultimate Manager 1,SPORTS,3.8,239027,76M,100000+,Free,1.99,Mature 17+,Board,"October 23, 2021",3.3.9,4.0 and up
Quick Tracker 8,FAMILY,2.5,415004,66M,1000+,Free,2.99,Mature 17+,Casual,"November 22, 2021",2.1.7,7.0 and up
Easy Manager 6,EDUCATION,3.2,941778,41M,100000+,Free,0.0,Mature 17+,Adventure,"January 12, 2021",8.9.5,6.0 and up
Quick Converter 5,LIFESTYLE,3.1,452901,24M,10000+,Free,2.99,Everyone,Casino,"August 02, 2021",5.7.3,4.0 and up
Fantastic Compass 1,ENTERTAINMENT,4.4,791517,35M,100000000+,Free,0.0,Teen,Educational,"May 25, 2021",4.4.0,8.0 and up
Pro Converter 8,SPORTS,4.4,469174,56M,1000+,Free,0.0,Adults only 18+,Simulation,"August 18, 2021",1.1.7,5.0 and up
Amazing Tracker 8,EDUCATION,4.3,703824,30M,10000+,Free,0.0,Adults only 18+,Casual,"September 16, 2021",7.9.8,4.0 and up
Premium Wallet 4,COMMUNICATION,1.0,28375,57M,10000000+,Free,0.0,Everyone 10+,Casual,"May 26, 2021",5.1.6,5.0 and up
Awesome Player 6,FINANCE,4.0,465992,94M,1000000+,Paid,0.0,Mature 17+,Educational,"June 13, 2021",8.6.6,8.0 and up
Cool Wallet 7,SHOPPING,4.0,441426,47M,10000000+,Free,0.0,Mature 17+,Word,"March 03, 2021",5.1.5,4.0 and up
Perfect Analyzer 7,SOCIAL,3.7,273156,35M,1000000+,Paid,0.0,Mature 17+,Casual,"October 08, 2021",4.9.1,7.0 and up
Simple Browser 1,SHOPPING,4.0,276101,19M,10000000+,Free,0.0,Adults only 18+,Card,"November 26, 2021",9.6.5,6.0 and up
Easy Compass 3,NEWS_AND_MAGAZINES,4.4,210304,8M,100000+,Free,0.0,Everyone 10+,Casual,"October 12, 2021",5.2.9,4.0 and up
Awesome Analyzer 2,EDUCATION,2.9,881282,26M,10000+,Free,0.0,Everyone,Sports,"February 11, 2021",4.2.7,8.0 and up
Super Converter 5,PRODUCTIVITY,3.0,116229,71M,1000000+,Free,0.0,Teen,Strategy,"December 18, 2021",3.6.6,4.0 and up
Awesome Scanner 2,BUSINESS,1.5,340764,30M,1000+,Free,2.99,Everyone,Racing,"May 22, 2021",7.6.1,5.0 and up
Fantastic Monitor 4,EDUCATION,2.5,838584,7M,10000+,Paid,29.99,Adults only 18+,Arcade,"December 02, 2021",3.9.8,9.0 and up
Cool Player 6,GAME,3.6,580605,67M,1000+,Paid,0.0,Mature 17+,Card,"May 07, 2021",3.1.8,4.0 and up
Perfect Planner 2,BUSINESS,4.1,135575,65M,10000+,Free,0.0,Teen,Casual,"October 26, 2021",9.3.8,7.0 and up
Cool Monitor 3,FINANCE,1.9,779393,36M,10000+,Free,0.0,Adults only 18+,Trivia,"August 12, 2021",3.6.6,4.0 and up
Awesome Monitor 8,TOOLS,1.6,312239,25M,10000000+,Paid,29.99,Adults only 18+,Puzzle,"July 08, 2021",8.9.3,6.0 and up
Super Cleaner 8,ENTERTAINMENT,3.7,558526,37M,1000000+,Free,0.0,Adults only 18+,Trivia,"December 09, 2021",3.2.4,4.0 and up
Best Wallet 7,ENTERTAINMENT,1.0,735046,1M,1000000+,Paid,0.0,Teen,Adventure,"May 13, 2021",1.9.2,9.0 and up
Perfect Assistant 2,FAMILY,1.7,969389,15M,10000+,Paid,0.0,Teen,Board,"May 11, 2021",6.2.4,5.0 and up
Fantastic Assistant 9,GAME,1.1,424881,37M,100000+,Paid,0.0,Everyone 10+,Simulation,"October 20, 2021",9.1.1,4.0 and up
Smart Messenger 9,SPORTS,1.7,567770,13M,100000+,Free,0.0,Everyone 10+,Casual,"September 21, 2021",6.5.7,7.0 and up
Easy Planner 6,PRODUCTIVITY,1.7,835879,8M,1000+,Free,49.99,Everyone,Action,"February 15, 2021",2.8.1,8.0 and up
Magic Scanner 4,EDUCATION,2.6,966930,5M,1000+,Free,0.0,Teen,Sports,"October 24, 2021",1.9.1,4.0 and up
Simple Recorder 2,EDUCATION,2.6,846153,60M,10000000+,Free,0.0,Teen,Adventure,"July 08, 2021",7.7.4,4.0 and up
Easy Player 6,DATING,4.5,137898,73M,10000+,Paid,29.99,Teen,Puzzle,"December 03, 2021",6.0.5,6.0 and up
Amazing Cleaner 4,BUSINESS,3.0,77185,1M,1000+,Free,29.99,Everyone 10+,Sports,"April 21, 2021",8.2.0,7.0 and up
Quick Camera 2,ENTERTAINMENT,3.9,588605,36M,1000+,Free,0.0,Adults only 18+,Racing,"June 01, 2021",4.0.7,9.0 and up
Super Player 9,BUSINESS,1.4,308887,35M,100000000+,Paid,0.0,Mature 17+,Casual,"April 11, 2021",5.0.7,8.0 and up
Magic Monitor 7,DATING,1.9,914644,66M,10000+,Paid,0.0,Everyone 10+,Simulation,"December 26, 2021",9.9.1,5.0 and up
Cool Cleaner 6,COMMUNICATION,3.8,95038,63M,10000000+,Paid,29.99,Teen,Racing,"May 23, 2021",9.7.6,4.0 and up
Cool Camera 8,BUSINESS,1.2,509676,23M,1000+,Paid,0.0,Everyone 10+,Casual,"May 16, 2021",3.1.6,9.0 and up
Amazing Monitor 9,TRAVEL_AND_LOCAL,2.9,142322,9M,10000000+,Free,29.99,Everyone,Casino,"January 27, 2021",5.5.3,8.0 and up
Cool Browser 1,MEDICAL,3.4,491460,34M,1000000+,Free,0.0,Teen,Arcade,"July 08, 2021",2.8.2,5.0 and up
Simple Wallet 2,GAME,3.4,92503,46M,10000000+,Paid,0.0,Everyone,Racing,"July 27, 2021",7.7.1,9.0 and up
Pro Scanner 1,GAME,1.1,125159,78M,100000+,Free,0.0,Teen,Arcade,"April 08, 2021",6.7.6,7.0 and up
Fantastic Editor 3,HEALTH_AND_FITNESS,2.3,753714,4M,100000+,Free,0.0,Everyone 10+,Adventure,"May 10, 2021",3.0.5,7.0 and up
Simple Scanner 8,NEWS_AND_MAGAZINES,3.5,202445,30M,10000000+,Free,0.0,Adults only 18+,Role Playing,"September 12, 2021",8.5.4,8.0 and up
Best Editor 1,TRAVEL_AND_LOCAL,1.6,163844,95M,100000+,Free,0.0,Mature 17+,Casino,"December 26, 2021",8.1.0,5.0 and up
Best Browser 8,NEWS_AND_MAGAZINES,3.8,270413,75M,1000000+,Paid,0.0,Everyone,Board,"May 16, 2021",1.3.5,7.0 and up
Fantastic Messenger 7,TOOLS,4.0,181221,99M,10000+,Free,19.99,Everyone 10+,Word,"January 09, 2021",9.0.0,8.0 and up
HD Player 8,PERSONALIZATION,4.9,915217,72M,100000+,Free,0.0,Adults only 18+,Card,"December 05, 2021",5.9.4,7.0 and up
Super Editor 4,FAMILY,1.8,277003,3M,100000+,Free,29.99,Everyone 10+,Arcade,"June 20, 2021",5.9.5,7.0 and up
Fantastic Tracker 4,EDUCATION,4.3,343922,14M,10000000+,Free,0.0,Everyone,Casino,"June 24, 2021",8.2.8,9.0 and up
Best Assistant 2,FINANCE,3.1,368262,60M,1000000+,Free,0.0,Mature 17+,Role Playing,"March 05, 2021",1.3.8,9.0 and up
Quick Messenger 5,PERSONALIZATION,2.5,876151,77M,10000+,Free,0.0,Everyone 10+,Simulation,"February 14, 2021",8.9.8,7.0 and up
Quick Planner 8,GAME,1.5,317023,45M,10000000+,Paid,0.0,Teen,Arcade,"February 13, 2021",1.8.2,6.0 and up
Super Calculator 9,PERSONALIZATION,3.9,913330,96M,10000000+,Free,49.99,Adults only 18+,Strategy,"July 10, 2021",9.0.0,9.0 and up
Ultimate Scanner 8,NEWS_AND_MAGAZINES,1.9,63105,34M,100000000+,Free,0.0,Everyone 10+,Trivia,"October 14, 2021",9.5.3,5.0 and up
Simple Browser 3,SOCIAL,2.5,117896,45M,1000000+,Free,0.0,Adults only 18+,Strategy,"November 10, 2021",7.4.9,8.0 and up
Fantastic Analyzer 5,PERSONALIZATION,1.3,857352,61M,10000+,Free,0.0,Teen,Word,"June 04, 2021",7.7.7,8.0 and up
Pro Monitor 3,SOCIAL,4.2,479936,83M,1000000+,Free,0.0,Mature 17+,Word,"May 01, 2021",1.7.5,5.0 and up
Premium Camera 2,PERSONALIZATION,4.1,285721,16M,10000+,Paid,0.0,Mature 17+,Educational,"July 24, 2021",4.7.2,5.0 and up
Pro Compass 5,SPORTS,3.9,35302,66M,1000000+,Free,4.99,Teen,Puzzle,"September 08, 2021",4.5.6,5.0 and up
Pro Assistant 1,MEDICAL,2.2,74823,40M,10000000+,Paid,4.99,Adults only 18+,Board,"May 19, 2021",4.3.6,5.0 and up
Simple Assistant 8,FAMILY,1.7,621434,17M,10000000+,Free,0.0,Everyone 10+,Trivia,"October 11, 2021",6.7.0,4.0 and up
Fantastic Manager 5,FINANCE,3.6,575929,34M,1000+,Free,0.0,Teen,Puzzle,"September 15, 2021",7.6.6,8.0 and up
Super Player 6,TRAVEL_AND_LOCAL,3.0,9895,16M,100000+,Free,0.0,Everyone,Simulation,"June 15, 2021",7.9.9,4.0 and up
Perfect Camera 8,MEDICAL,1.7,977173,60M,100000000+,Paid,0.0,Adults only 18+,Casual,"May 19, 2021",8.8.8,7.0 and up
Quick Analyzer 9,FINANCE,3.7,185388,66M,1000000+,Free,0.0,Mature 17+,Arcade,"June 19, 2021",2.6.6,7.0 and up
Pro Converter 9,HEALTH_AND_FITNESS,5.0,852756,66M,100000000+,Free,0.0,Teen,Casual,"October 12, 2021",4.8.7,8.0 and up
Ultimate Converter 7,FINANCE,4.0,327241,90M,1000+,Free,0.0,Mature 17+,Strategy,"June 04, 2021",1.1.1,7.0 and up
Super Browser 5,FAMILY,4.0,422391,13M,100000+,Free,0.0,Adults only 18+,Action,"February 16, 2021",8.0.3,5.0 and up
Easy Planner 3,EDUCATION,4.8,976443,56M,1000000+,Free,0.0,Mature 17+,Arcade,"August 04, 2021",5.8.6,4.0 and up
Perfect Manager 2,SOCIAL,1.8,460254,31M,10000+,Free,0.0,Teen,Casino,"September 23, 2021",8.8.6,5.0 and up
Best Analyzer 4,PERSONALIZATION,3.3,882440,34M,100000+,Free,0.0,Adults only 18+,Board,"December 02, 2021",5.4.9,7.0 and up
Easy Tracker 2,HEALTH_AND_FITNESS,4.9,574110,39M,10000000+,Free,0.0,Everyone,Casual,"April 05, 2021",6.4.8,9.0 and up
Best Cleaner 7,SOCIAL,1.7,705870,67M,1000+,Free,9.99,Teen,Strategy,"March 09, 2021",3.2.6,4.0 and up
Super Wallet 8,SPORTS,3.8,472377,8M,100000+,Paid,0.0,Everyone 10+,Arcade,"May 18, 2021",7.5.2,5.0 and up
Fantastic Monitor 2,GAME,3.3,320797,87M,100000+,Paid,0.0,Teen,Action,"November 03, 2021",7.4.6,8.0 and up
Fantastic Player 8,LIFESTYLE,3.3,44910,78M,10000000+,Paid,0.0,Adults only 18+,Puzzle,"September 23, 2021",2.5.7,5.0 and up
Simple Monitor 7,ENTERTAINMENT,3.8,436172,55M,1000000+,Free,19.99,Teen,Word,"February 09, 2021",1.3.0,9.0 and up
HD Assistant 4,GAME,4.7,401077,27M,10000+,Free,0.0,Everyone,Trivia,"April 09, 2021",1.9.7,7.0 and up
Ultimate Recorder 2,COMMUNICATION,4.1,802730,93M,10000000+,Free,0.0,Everyone,Casino,"February 15, 2021",7.9.0,4.0 and up
Super Translator 2,LIFESTYLE,1.2,72702,53M,10000+,Free,0.0,Everyone 10+,Educational,"December 10, 2021",2.3.0,8.0 and up
Easy Tracker 2,ENTERTAINMENT,4.4,460806,39M,1000000+,Free,2.99,Mature 17+,Arcade,"December 20, 2021",3.7.7,4.0 and up
Premium Recorder 2,HEALTH_AND_FITNESS,1.9,400594,65M,100000+,Free,0.99,Adults only 18+,Educational,"May 02, 2021",8.5.5,8.0 and up
Perfect Tracker 7,GAME,2.5,871878,17M,10000+,Free,0.0,Adults only 18+,Adventure,"October 01, 2021",5.8.3,4.0 and up
Premium Notes 1,DATING,2.8,751506,30M,1000+,Free,29.99,Mature 17+,Simulation,"July 26, 2021",7.0.8,7.0 and up
Ultimate Monitor 9,DATING,2.9,46413,53M,1000+,Paid,9.99,Everyone,Word,"January 16, 2021",7.9.8,8.0 and up
Perfect Monitor 9,PHOTOGRAPHY,2.7,615468,13M,10000000+,Free,0.99,Everyone,Board,"November 27, 2021",7.1.5,6.0 and up
Simple Browser 4,COMMUNICATION,4.7,795610,21M,1000000+,Free,0.0,Teen,Arcade,"August 03, 2021",4.2.1,4.0 and up
Cool Calculator 1,FINANCE,3.8,312033,19M,10000000+,Free,0.0,Everyone 10+,Racing,"October 22, 2021",6.7.5,4.0 and up
Fantastic Recorder 8,SPORTS,3.5,59881,53M,10000000+,Free,0.0,Everyone 10+,Action,"July 26, 2021",9.4.1,5.0 and up
Premium Analyzer 4,PHOTOGRAPHY,1.2,482614,19M,100000000+,Free,49.99,Everyone 10+,Trivia,"January 06, 2021",8.8.9,8.0 and up
Amazing Player 9,BUSINESS,4.6,491872,57M,10000000+,Paid,0.0,Teen,Sports,"July 22, 2021",4.5.9,9.0 and up
Perfect Calculator 5,TRAVEL_AND_LOCAL,4.6,32184,25M,100000000+,Paid,0.0,Everyone 10+,Sports,"April 17, 2021",8.8.4,6.0 and up
Premium Converter 9,TRAVEL_AND_LOCAL,4.1,755121,86M,1000+,Free,0.0,Mature 17+,Casual,"November 09, 2021",6.3.4,7.0 and up
HD Assistant 9,PRODUCTIVITY,1.0,223573,31M,1000+,Paid,4.99,Teen,Role Playing,"April 07, 2021",7.8.9,5.0 and up
Smart Editor 5,FAMILY,1.2,137663,81M,10000000+,Paid,9.99,Mature 17+,Racing,"July 02, 2021",6.5.7,6.0 and up
Ultimate Player 6,TRAVEL_AND_LOCAL,1.9,110165,55M,1000+,Paid,0.0,Teen,Adventure,"January 24, 2021",4.2.6,8.0 and up
Easy Wallet 8,PERSONALIZATION,1.5,334007,23M,1000000+,Paid,49.99,Everyone 10+,Board,"August 23, 2021",5.1.1,6.0 and up
Best Recorder 2,PHOTOGRAPHY,2.6,850488,32M,100000000+,Free,0.0,Mature 17+,Puzzle,"August 16, 2021",6.7.0,4.0 and up
Quick Browser 4,BUSINESS,4.7,311832,62M,100000000+,Free,9.99,Mature 17+,Casino,"March 11, 2021",6.1.1,4.0 and up
Awesome Manager 4,NEWS_AND_MAGAZINES,2.9,501618,74M,10000000+,Free,0.0,Mature 17+,Educational,"February 23, 2021",7.9.0,5.0 and up
Ultimate Compass 2,FAMILY,1.1,813091,10M,1000+,Free,0.0,Teen,Adventure,"August 17, 2021",6.6.7,8.0 and up
Quick Planner 1,FINANCE,2.1,127805,72M,10000+,Paid,1.99,Adults only 18+,Casual,"December 26, 2021",7.5.8,8.0 and up
Simple Tracker 8,COMMUNICATION,1.2,88678,54M,100000000+,Free,0.0,Everyone 10+,Casino,"September 15, 2021",3.5.3,6.0 and up
Magic Player 5,TOOLS,1.1,737695,52M,10000000+,Paid,49.99,Mature 17+,Sports,"November 04, 2021",2.0.0,5.0 and up
Magic Converter 7,FAMILY,2.1,669937,20M,10000000+,Paid,0.0,Adults only 18+,Strategy,"December 04, 2021",3.3.1,8.0 and up
Super Planner 3,NEWS_AND_MAGAZINES,2.1,473630,32M,1000000+,Paid,0.0,Everyone 10+,Puzzle,"March 22, 2021",1.3.6,9.0 and up
Awesome Assistant 3,TOOLS,4.1,876348,14M,100000+,Paid,0.0,Everyone 10+,Casual,"January 22, 2021",6.5.8,9.0 and up
Amazing Analyzer 1,ENTERTAINMENT,4.9,763439,50M,100000+,Free,0.0,Mature 17+,Action,"February 25, 2021",2.3.4,4.0 and up
Smart Tracker 3,COMMUNICATION,2.5,620317,28M,100000000+,Free,0.0,Mature 17+,Strategy,"February 23, 2021",1.7.7,6.0 and up
Magic Recorder 8,MEDICAL,2.7,979458,53M,1000000+,Free,0.0,Teen,Educational,"December 17, 2021",6.4.7,7.0 and up
Ultimate Converter 9,ENTERTAINMENT,4.4,864444,24M,1000000+,Free,0.0,Adults only 18+,Role Playing,"December 23, 2021",3.2.1,4.0 and up
Quick Editor 5,SPORTS,2.1,553101,79M,1000000+,Free,0.0,Adults only 18+,Racing,"May 24, 2021",5.2.2,5.0 and up
Amazing Scanner 9,NEWS_AND_MAGAZINES,1.6,673600,22M,100000000+,Free,4.99,Mature 17+,Trivia,"April 12, 2021",6.7.1,8.0 and up
Smart Tracker 9,FINANCE,4.4,673232,30M,100000+,Paid,4.99,Everyone 10+,Arcade,"October 23, 2021",4.6.0,4.0 and up
